year,office,girl
2014,Grand Worthy Advisor,10032
2014,Grand Worthy Associate Advisor,10031
2014,Grand Charity,10030
2014,Grand Hope,10029
2014,Grand Faith,10028
2014,Grand Lecturer,10027
2014,Grand Recorder,10026
2014,Grand Treasurer,10025
2014,Grand Chaplain,10024
2014,Grand Drill Leader,10023
2014,Grand Love,10022
2014,Grand Religion,10021
2014,Grand Nature,10020
2014,Grand Immortality,10019
2014,Grand Fidelity,10018
2014,Grand Patriotism,10017
2014,Grand Service,10016
2014,Grand Confidential Observer,10015
2014,Grand Outer Observer,10014
2014,Grand Choir Director,0
2014,Grand Musician,10013